{
  "Employee": [
    {
      "id": 1,
      "email": "nani@hotmail.com",
      "name": "nani",
      "pass": "Ojas"
    },
    {
      "id": 2,
      "email": "chintu@gmail.com",
      "name": "chintu",
      "pass": "Ojas"
    },
    {
      "id": 3,
      "email": "merugu@hotmail.com",
      "name": "merugu",
      "pass": "Ojas"
    },
    {
      "email": "abc@gmail.com",
      "name": "Eshwar",
      "pass": "nani",
      "cpass": "nani",
      "id": 4
    },
    {
      "email": "shiva@gmail.com",
      "name": "shiva",
      "pass": "ssreddy",
      "cpass": "ssreddy",
      "id": 5
    },
    {
      "email": "harikrishana@gmail.com",
      "name": "hari",
      "pass": "krishna",
      "cpass": "krishna",
      "id": 6
    },
    {
      "email": "manmadha@gmail.com",
      "name": "manmadha",
      "pass": "manu",
      "cpass": "manu",
      "id": 7
    }
  ]
}