Name,Email,Country,Phone,Email2,Dob
⦁	Disadvantages of hard coding aspects in Big Data Set Generations through a Synthetic Big Data,⦁d@gmail.com,America,(707) 237-5304,⦁	disadvantages of hard coding.data@yahoo.com,10-19-1968
⦁	Timing the Big Data Set Generation Cycles,⦁c@gmail.com,America,(819) 222-6340,⦁	timing the big.cycles@yahoo.com,08-22-1986
⦁	Time format conversions based on Big Data Set Generation Cycles completion,⦁c@gmail.com,America,(420) 500-4810,⦁	time format.completion@yahoo.com,01-05-1970
⦁	Performance Measurements Aspects of Synthetic Big Data Set Generations,⦁g@gmail.com,America,(748) 225-8881,⦁	performance measurements.generations@yahoo.com,07-02-1932
⦁	Resource Consumption Quantification of Synthetic Big Data Set Generation Modules,⦁m@gmail.com,America,(548) 811-4323,⦁	resource consumption.modules@yahoo.com,09-24-1955
⦁	Identifying and Resolving Resource Constraints Aspects and Heap Errors of Synthetic Big Data Set Generation Modules,⦁m@gmail.com,America,(400) 558-2029,⦁	identifying.modules@yahoo.com,10-25-1974
⦁	Optimizing Synthetic Big Data Set Generation Modules by Increasing Heap Memory allocations and increasing the processing limits,⦁l@gmail.com,America,(697) 731-2403,⦁	optimizing.limits@yahoo.com,12-20-1963
⦁	Optimizing Synthetic Big Data Set Generation Modules through Persistence aspects and ridding of resource draining aspects.,⦁a@gmail.com,America,(953) 816-6185,⦁	optimizing.aspects.@yahoo.com,05-03-1975
⦁	Optimizing Readability aspects of Generated Synthetic Big Data using Splitter and Reducer modules,⦁m@gmail.com,America,(532) 888-7247,⦁	optimizing.modules@yahoo.com,10-26-1995
